Product Name,Sales,revenue_percent,cumulative_percent,ABC_class,mean,std,CV,XYZ_class,ABC_XYZ
Field & Stream Sportsman 16 Gun Fire Safe,6929653.690575,18.838727773687765,18.838727773687765,A,509.55882352941177,90.18237117808141,0.17698127677083797,X,AX
Perfect Fitness Perfect Rip Deck,4421143.14353786,12.019173807039829,30.857901580727592,A,2167.5882352941176,378.7373854402608,0.17472755169704562,X,AX
Diamondback Women's Serene Classic Comfort Bi,4118425.571019,11.196215807168814,42.054117387896405,A,403.79411764705884,71.10887061050043,0.17610179916650992,X,AX
Nike Men's Free 5.0+ Running Shoe,3667633.19662996,9.970706538917808,52.024823926814214,A,1078.8235294117646,200.05051946616106,0.18543396024671419,X,AX
Nike Men's Dri-FIT Victory Golf Polo,3147800.0,8.557505170376528,60.582329097190744,A,1851.6470588235295,329.7159367250562,0.17806629786917705,X,AX
Pelican Sunstream 100 Kayak,3099845.08525,8.42713652214027,69.00946561933101,A,455.88235294117646,80.60256583098533,0.17680562827441942,X,AX
Nike Men's CJ Elite 2 TD Football Cleat,2891757.6623529997,7.861436923267595,76.8709025425986,B,654.2941176470588,114.85604413107865,0.17554191766864488,X,BX
O'Brien Men's Neoprene Life Vest,2888993.9135055,7.853923486882787,84.72482602948139,B,1700.0882352941176,306.6617293061426,0.18037989025498416,X,BX
Under Armour Girls' Toddler Spine Surge Runni,1269082.67110818,3.450086256955177,88.17491228643657,B,933.3823529411765,172.34690434330446,0.18464769962729957,X,BX
Dell Laptop,663000.0,1.8024099142129861,89.97732220064955,B,221.0,182.43354954612926,0.8254911744168745,Y,BY
Web Camera,267607.685032,0.7275094187349366,90.70483161938449,C,296.0,394.5655839020935,1.3329918375070726,Z,CZ
Lawn mower,257768.72827639998,0.700761555685455,91.40559317506995,C,242.0,206.47518010647187,0.8532032235804623,Y,CY
Children's heaters,232472.10397109998,0.6319909878966256,92.03758416296658,C,325.5,276.4787514439401,0.8493970858492783,Y,CY
Porcelain crafts,223356.325324,0.6072091329806315,92.64479329594721,C,242.0,15.556349186104045,0.0642824346533225,X,CX
Summer dresses,140283.00474499998,0.381368745924548,93.02616204187176,C,325.0,74.95331880577403,0.23062559632545857,X,CX
Smart watch ,117006.75,0.3180906881294726,93.34425273000123,C,178.5,47.37615433949868,0.2654126293529338,X,CX
Rock music,113122.09735260002,0.30752999967555483,93.65178272967678,C,217.0,103.23759005323593,0.47574926291813796,X,CX
Industrial consumer electronics,108738.402107,0.2956126304876849,93.94739536016446,C,143.33333333333334,93.02866941611781,0.6490372284845428,Y,CY
First aid kit,106080.483077,0.2883868995512635,94.23578225971573,C,181.0,82.02438661763951,0.4531734067272901,X,CX
DVDs ,79395.5423667,0.21584210061245437,94.45162436032818,C,161.0,185.5478374975036,1.1524710403571652,Z,CZ
adidas Youth Germany Black/Red Away Match Soc,67830.0,0.18440039891563628,94.63602475924382,C,34.607142857142854,9.669881786072349,0.2794186687409967,X,CX
LIJA Women's Eyelet Sleeveless Golf Polo,61490.0,0.16716468420053776,94.80318944344437,C,33.785714285714285,11.043205193800437,0.32686019601100663,X,CX
adidas Men's F10 Messi TRX FG Soccer Cleat,56330.61164488,0.15313854133094,94.95632798477531,C,33.535714285714285,11.026843149390936,0.3288089544014337,X,CX
Titleist Pro V1x High Numbers Personalized Go,47206.92146286,0.128335178377274,95.08466316315258,C,32.42857142857143,12.7872290787812,0.39431983943378146,X,CX
Under Armour Women's Micro G Skulpt Running S,46559.591034339996,0.12657536724283028,95.21123853039542,C,30.25,10.444296689262199,0.34526600625660164,X,CX
Nike Men's Comfort 2 Slide,44585.09062432,0.12120755560687607,95.33244608600229,C,35.392857142857146,10.067694155488912,0.28445553617930325,X,CX
Titleist Pro V1 High Numbers Personalized Gol,44243.491382600005,0.12027889518460794,95.4527249811869,C,30.392857142857142,10.268034850084007,0.33784368484412713,X,CX
Men's gala suit,43856.8012688,0.11922765220596349,95.57195263339287,C,104.0,103.23759005323593,0.9926691351272686,Y,CY
Adult dog supplies,41524.80075276,0.11288795258294645,95.68484058597582,C,164.0,71.12664760833313,0.43369907078251907,X,CX
Titleist Pro V1x Golf Balls,41415.37052844,0.1125904591874277,95.79743104516325,C,30.821428571428573,9.451841174464453,0.30666460357474473,X,CX
Titleist Pro V1x High Numbers Golf Balls,38392.00052236,0.10437122529105852,95.90180227045431,C,28.571428571428573,8.543694107042281,0.29902929374647985,X,CX
Under Armour Men's Compression EV SL Slide,36576.87057466,0.09943667293311076,96.00123894338742,C,29.035714285714285,9.811112908734488,0.33789810755789135,X,CX
TYR Boys' Team Digi Jammer,35191.2006334,0.09566963637209425,96.09690857975951,C,31.428571428571427,11.509830167130634,0.36622186895415654,X,CX
Clicgear Rovic Cooler Bag,34671.33045858,0.09425633447586618,96.19116491423539,C,30.964285714285715,11.143781334621675,0.3598914387190391,X,CX
Fighting video games,33270.75,0.09044876267466322,96.28161367691006,C,418.5,270.82189719444773,0.6471252023762192,Y,CY
SOLE E35 Elliptical,29999.84985,0.08155660150006178,96.36317027841012,C,7.5,2.1213203435596424,0.282842712474619,X,CX
ENO Atlas Hammock Straps,29930.019742160002,0.08136676367399637,96.44453704208412,C,35.642857142857146,10.705534344836115,0.300355673001414,X,CX
Bridgestone e6 Straight Distance NFL Carolina,29686.71978552,0.08070533644326405,96.52524237852738,C,33.142857142857146,12.146373596032337,0.3664854102251136,X,CX
Under Armour Hustle Storm Medium Duffle Bag,29601.54064158,0.08047377123433247,96.60571614976172,C,30.214285714285715,11.519250049075318,0.38125177467388754,X,CX
Under Armour Women's Ignite Slide,29398.80977828,0.07992263380155891,96.68563878356328,C,32.82142857142857,14.676899388541697,0.44717430128309854,X,CX
Bridgestone e6 Straight Distance NFL San Dieg,28982.93982142,0.07879206346480508,96.76443084702808,C,32.357142857142854,9.027588520604741,0.27899832072509134,X,CX
Columbia Men's PFG Anchor Tough T-Shirt,27840.0,0.07568490499500684,96.84011575202308,C,33.142857142857146,11.689546725408244,0.3527018408528349,X,CX
adidas Kids' F5 Messi FG Soccer Cleat,27327.19054016,0.07429079812544753,96.91440655014853,C,27.892857142857142,11.911212538066145,0.4270345084069809,X,CX
Nike Men's Deutschland Weltmeister Winners Bl,27210.0,0.07397220779145604,96.98837875793998,C,32.392857142857146,12.467258707612498,0.38487678479950377,X,CX
Nike Women's Tempo Shorts,27210.0,0.07397220779145604,97.06235096573144,C,32.392857142857146,12.305792931889423,0.3798921743030913,X,CX
Under Armour Women's Ignite PIP VI Slide,27127.519792220002,0.07374797982127652,97.13609894555272,C,30.285714285714285,10.41315813929004,0.34383069327844473,X,CX
Bridgestone e6 Straight Distance NFL Tennesse,25751.94975595,0.07000840052856558,97.20610734608128,C,28.75,10.970077146155017,0.3815679007358267,X,CX
Team Golf St. Louis Cardinals Putter Grip,23940.41977515,0.06508363492179636,97.27119098100307,C,34.214285714285715,11.412654259578586,0.333564007586848,X,CX
Team Golf Tennessee Volunteers Putter Grip,22865.849746840002,0.06216234431464392,97.33335332531772,C,32.67857142857143,10.42807311993491,0.3191104342712322,X,CX
LIJA Women's Mid-Length Panel Golf Shorts,22700.0,0.06171147066762411,97.39506479598533,C,37.833333333333336,21.065770023112535,0.5568044940029745,Y,CY
Team Golf Texas Longhorns Putter Grip,22366.049832380002,0.06080360476570651,97.45586840075104,C,31.964285714285715,8.908930778665171,0.27871515285209475,X,CX
Under Armour Kids' Mercenary Slide,22252.04978358,0.06049368799620744,97.51636208874726,C,28.392857142857142,9.863285027534767,0.3473861393345578,X,CX
Team Golf Pittsburgh Steelers Putter Grip,22166.12984186,0.06026010887888506,97.57662219762614,C,31.678571428571427,10.385365670298764,0.3278356694119114,X,CX
Team Golf San Francisco Giants Putter Grip,21766.2898108,0.05917311696925947,97.6357953145954,C,31.107142857142858,10.733606917542561,0.3450528056156047,X,CX
adidas Men's Germany Black Crest Away Tee,21475.0,0.05838122610516422,97.69417654070057,C,30.678571428571427,10.360371691561147,0.3377071098529827,X,CX
Bag Boy Beverage Holder,21116.549776390002,0.05740675515978485,97.75158329586036,C,30.178571428571427,9.337513236357603,0.30940872262486735,X,CX
Under Armour Men's Tech II T-Shirt,20866.649801890002,0.05672738533836649,97.80831068119872,C,29.821428571428573,10.15091154975775,0.34038984837511016,X,CX
Merrell Women's Grassbow Sport Hiking Shoe,20697.92999222,0.056268709233278494,97.864579390432,C,34.5,17.558473737771173,0.5089412677614833,Y,CY
Nike Men's Free TR 5.0 TB Training Shoe,20597.93996418,0.05599687964374347,97.92057627007574,C,34.333333333333336,21.12502465481796,0.6152919802374163,Y,CY
Team Golf New England Patriots Putter Grip,20566.76981798,0.05591214151321805,97.97648841158896,C,29.392857142857142,12.968164111518654,0.4412012091403673,X,CX
Glove It Women's Mod Oval 3-Zip Carry All Gol,20450.69974701,0.055596597249779535,98.03208500883873,C,33.214285714285715,12.982487186397432,0.3908705819560517,X,CX
Nike Women's Legend V-Neck T-Shirt,20025.0,0.05443930397000761,98.08652431280875,C,28.607142857142858,10.242754569158688,0.35804884885947974,X,CX
Nike Women's Free 5.0 TR FIT PRT 4 Training S,19567.940017240002,0.05319675578853456,98.13972106859728,C,34.333333333333336,16.070677231114644,0.46807797760528086,X,CX
Nike Dri-FIT Crew Sock 6 Pack,19426.0,0.05281088234313947,98.19253195094042,C,31.535714285714285,11.902325147438372,0.37742367398445575,X,CX
TaylorMade White Smoke IN-12 Putter,19298.06989294,0.05246309577708928,98.2449950467175,C,32.166666666666664,18.723425612495877,0.5820754076423589,Y,CY
Garmin Approach S3 Golf GPS Watch,19249.2304235,0.05233032240767216,98.29732536912518,C,12.833333333333334,7.985403350280227,0.6222392220997579,Y,CY
Brooks Women's Ghost 6 Running Shoe,19077.88003532,0.051864494898682896,98.34918986402386,C,35.333333333333336,16.621271511730583,0.47041334467162027,X,CX
Glove It Women's Imperial Golf Glove,18810.58979375,0.051137848471264874,98.40032771249513,C,33.607142857142854,11.985606447099869,0.3566386615502618,X,CX
Fitbit The One Wireless Activity & Sleep Trac,18690.64982615,0.050811783634594244,98.45113949612973,C,31.166666666666668,14.958832396502965,0.4799625367861914,X,CX
Nike Kids' Grade School KD VI Basketball Shoe,18598.1399916,0.050560289452158166,98.50169978558189,C,31.0,14.872793954062566,0.47976754690524404,X,CX
Elevation Training Mask 2.0,18477.6899717,0.05023283800414171,98.55193262358603,C,38.5,23.939507096011816,0.62180537911719,Y,CY
The North Face Women's Recon Backpack,17919.0,0.048714001889566365,98.60064662547559,C,30.166666666666668,15.07868252423489,0.4998458295326483,X,CX
Top Flite Women's 2014 XL Hybrid,17731.12981181,0.04820326419759243,98.64884988967319,C,31.678571428571427,9.483137359539521,0.2993549561072228,X,CX
Polar FT4 Heart Rate Monitor,17638.04005408,0.047950193455142606,98.69680008312832,C,32.666666666666664,22.096756926451143,0.6764313344831983,Y,CY
Bag Boy M330 Push Cart,16637.919929480002,0.04523129989860722,98.74203138302693,C,34.666666666666664,23.235031023578742,0.6702412795263099,Y,CY
Glove It Women's Mod Oval Golf Glove,16031.97982176,0.04358401112398608,98.78561539415091,C,28.642857142857142,10.474711295285266,0.3657006437256701,X,CX
Hirzl Women's Soffft Flex Golf Glove,15993.10980566,0.04347834038132505,98.82909373453224,C,31.75,12.234211291535141,0.3853294894971698,X,CX
LIJA Women's Argyle Golf Polo,15600.0,0.04240964504030555,98.87150337957254,C,32.5,19.31579664419772,0.594332204436853,Y,CY
Glove It Imperial Golf Towel,14870.69978864,0.04042699356007495,98.91193037313262,C,33.214285714285715,12.254574785548586,0.3689549397799574,X,CX
Glove It Urban Brick Golf Towel,14151.14979326,0.03847084869515064,98.95040122182778,C,31.607142857142858,11.823828062556984,0.37408721553852603,X,CX
Garmin Forerunner 910XT GPS Watch,13999.649657,0.03805898542576958,98.98846020725354,C,35.0,,,Z,CZ
Pelican Maverick 100X Kayak,13999.599608,0.03805884936421031,99.02651905661774,C,40.0,,,Z,CZ
Cleveland Golf Collegiate My Custom Wedge 588,13649.3503575,0.03710667331361172,99.06362572993136,C,10.833333333333334,6.112828041640519,0.5642610499975863,Y,CY
Titleist Small Wheeled Travel Cover,13499.460297,0.03669918714304281,99.1003249170744,C,9.0,4.8166378315169185,0.5351819812796577,Y,CY
Mio ALPHA Heart Rate Monitor/Sport Watch,13333.0,0.036246653674512436,99.13657157074891,C,11.166666666666666,5.776388721914988,0.5172885422610437,Y,CY
Hirzl Women's Hybrid Golf Glove,13311.11981353,0.03618717092184523,99.17275874167076,C,31.714285714285715,12.589993507064907,0.39698177724979433,X,CX
Hirzl Men's Hybrid Golf Glove,12951.35980753,0.03520913924529663,99.20796788091606,C,30.857142857142858,9.625253380846793,0.31192950771262756,X,CX
GoPro HERO3+ Black Edition Camera,12799.6796864,0.03479678667498933,99.24276466759105,C,32.0,,,Z,CZ
Nike Men's Kobe IX Elite Low Basketball Shoe,12599.3703465,0.03425223231579594,99.27701689990684,C,10.5,7.259476565152615,0.6913787204907252,Y,CY
Sports Books ,12587.3999676,0.034219690038863444,99.31123658994571,C,202.5,149.19953083036154,0.7367878065696866,Y,CY
Baby sweater,12229.56037881,0.03324687914514852,99.34448346909086,C,103.5,30.405591591021544,0.2937738317973096,X,CX
Yakima DoubleDown Ace Hitch Mount 4-Bike Rack,12096.0,0.032883786308175386,99.37736725539904,C,10.666666666666666,7.033254343948231,0.6593675947451467,Y,CY
GolfBuddy VT3 GPS Watch,11799.4103245,0.032077487406856516,99.40944474280589,C,9.833333333333334,5.192943930629972,0.5280959929454209,Y,CY
TaylorMade 2014 Purelite Stand Bag,11699.3503575,0.03180546768357352,99.44125021048946,C,10.833333333333334,5.776388721914988,0.5332051127921528,Y,CY
MDGolf Pittsburgh Penguins Putter,11598.549881160001,0.0315314348360432,99.4727816453255,C,29.0,18.12456896039186,0.6249851365652365,Y,CY
Total Gym 1400,10799.639647200001,0.029359543846215565,99.50214118917171,C,36.0,,,Z,CZ
Garmin Approach S4 Golf GPS Watch,10799.639647200001,0.029359543846215565,99.53150073301792,C,36.0,,,Z,CZ
adidas Brazuca 2014 Official Match Ball,10399.3503575,0.02827133059688139,99.5597720636148,C,10.833333333333334,4.622409184253019,0.42668392470027866,X,CX
Ogio Race Golf Shoes,10369.3903355,0.028189882270059613,99.58796194588486,C,12.2,5.403702434442518,0.4429264290526655,X,CX
Titleist Club Glove Travel Cover,10199.6596668,0.027728458076981363,99.61569040396184,C,34.0,,,Z,CZ
SOLE E25 Elliptical,9999.899902,0.02718539777451322,99.64287580173635,C,5.0,4.242640687119285,0.8485281374238569,Y,CY
Merrell Women's Siren Mid Waterproof Hiking B,9449.300385,0.025688556103017478,99.66856435783937,C,11.666666666666666,8.334666560017064,0.7143999908586055,Y,CY
Merrell Men's All Out Flash Trail Running Sho,9349.149821500001,0.0254162900870802,99.69398064792645,C,14.166666666666666,7.782458908768274,0.549350040618937,Y,CY
insta-bed Neverflat Air Mattress,8999.40033,0.02446547266480184,99.71844612059125,C,10.0,6.131883886702357,0.6131883886702357,Y,CY
Stiga Master Series ST3100 Competition Indoor,8909.7297354,0.024221697146369844,99.74266781773763,C,27.0,,,Z,CZ
Clicgear 8.0 Shoe Brush,8871.119937156,0.024116733823382287,99.766784551561,C,31.714285714285715,10.117301436637558,0.3190140092633464,X,CX
TaylorMade Women's RBZ SL Rescue,8839.320373999999,0.024030284580697496,99.7908148361417,C,11.333333333333334,7.99166232186187,0.7051466754584003,Y,CY
Diamondback Boys' Insight 24 Performance Hybr,8699.709715800002,0.02365074365389587,99.81446557979561,C,29.0,,,Z,CZ
Diamondback Girls' Clarity 24 Hybrid Bike 201,8399.7197256,0.02283520076927877,99.83730078056489,C,28.0,,,Z,CZ
Cleveland Golf Women's 588 RTX CB Satin Chrom,8399.299853,0.022834059317488505,99.86013483988238,C,11.666666666666666,5.680375574437544,0.48688933495178954,X,CX
LIJA Women's Button Golf Dress,8208.0,0.022313997851976155,99.88244883773436,C,12.666666666666666,6.801960501698511,0.5369968817130404,Y,CY
Nike Men's Fingertrap Max Training Shoe,7999.3598656,0.021746795669856562,99.90419563340421,C,10.666666666666666,6.15358973824764,0.5768990379607163,Y,CY
Merrell Women's Grassbow Sport Waterproof Hik,7539.420319,0.02049641920118316,99.9246920526054,C,9.666666666666666,5.819507424745384,0.6020180094564191,Y,CY
Bushnell Pro X7 Jolt Slope Rangefinder,6599.8898922,0.017942242797006572,99.9426342954024,C,5.5,2.1213203435596424,0.385694607919935,X,CX
Toys ,6104.65997884,0.016595927102202795,99.9592302225046,C,264.5,16.263455967290593,0.061487546190134565,X,CX
Bowflex SelectTech 1090 Dumbbells,5999.899901999999,0.016311129815460516,99.97554135232006,C,5.0,2.8284271247461903,0.565685424949238,Y,CY
Polar Loop Activity Tracker,5937.2998326,0.016140947333232795,99.99168229965329,C,9.0,4.0,0.4444444444444444,X,CX
CDs of rock,3059.5899891599997,0.00831770034674025,100.00000000000003,C,135.5,3.5355339059327378,0.026092501150795113,X,CX
