Product Name,Sales,ABC_class,XYZ_class,Forecast_Error_Percent,has_forecast,risk_score
Perfect Fitness Perfect Rip Deck,4421143.14353786,A,X,5.3,True,7.0
Diamondback Women's Serene Classic Comfort Bi,4118425.571019,A,X,4.8,True,6.716981132075472
Nike Men's Free 5.0+ Running Shoe,3667633.19662996,A,X,4.6,True,6.60377358490566
Field & Stream Sportsman 16 Gun Fire Safe,6929653.690575,A,X,3.9,True,6.2075471698113205
Nike Men's Dri-FIT Victory Golf Polo,3147800.0,A,X,3.9,True,6.2075471698113205
Pelican Sunstream 100 Kayak,3099845.08525,A,X,2.7,True,5.528301886792453
Garmin Forerunner 910XT GPS Watch,13999.649657,C,Z,0.0,False,4.0
Titleist Club Glove Travel Cover,10199.6596668,C,Z,0.0,False,4.0
Stiga Master Series ST3100 Competition Indoor,8909.7297354,C,Z,0.0,False,4.0
GoPro HERO3+ Black Edition Camera,12799.6796864,C,Z,0.0,False,4.0
Diamondback Boys' Insight 24 Performance Hybr,8699.709715800002,C,Z,0.0,False,4.0
Diamondback Girls' Clarity 24 Hybrid Bike 201,8399.7197256,C,Z,0.0,False,4.0
DVDs ,79395.5423667,C,Z,0.0,False,4.0
Garmin Approach S4 Golf GPS Watch,10799.6396472,C,Z,0.0,False,4.0
Pelican Maverick 100X Kayak,13999.599608,C,Z,0.0,False,4.0
Total Gym 1400,10799.6396472,C,Z,0.0,False,4.0
Web Camera,267607.685032,C,Z,0.0,False,4.0
Dell Laptop,663000.0,B,Y,0.0,False,4.0
Nike Men's Kobe IX Elite Low Basketball Shoe,12599.3703465,C,Y,0.0,False,3.0
Polar FT4 Heart Rate Monitor,17638.04005408,C,Y,0.0,False,3.0
MDGolf Pittsburgh Penguins Putter,11598.54988116,C,Y,0.0,False,3.0
TaylorMade 2014 Purelite Stand Bag,11699.3503575,C,Y,0.0,False,3.0
GolfBuddy VT3 GPS Watch,11799.4103245,C,Y,0.0,False,3.0
Yakima DoubleDown Ace Hitch Mount 4-Bike Rack,12096.0,C,Y,0.0,False,3.0
Garmin Approach S3 Golf GPS Watch,19249.2304235,C,Y,0.0,False,3.0
Sports Books ,12587.3999676,C,Y,0.0,False,3.0
Merrell Women's Grassbow Sport Hiking Shoe,20697.92999222,C,Y,0.0,False,3.0
Nike Men's Free TR 5.0 TB Training Shoe,20597.93996418,C,Y,0.0,False,3.0
LIJA Women's Mid-Length Panel Golf Shorts,22700.0,C,Y,0.0,False,3.0
Mio ALPHA Heart Rate Monitor/Sport Watch,13333.0,C,Y,0.0,False,3.0
Titleist Small Wheeled Travel Cover,13499.460297,C,Y,0.0,False,3.0
Bag Boy M330 Push Cart,16637.919929480002,C,Y,0.0,False,3.0
Cleveland Golf Collegiate My Custom Wedge 588,13649.3503575,C,Y,0.0,False,3.0
LIJA Women's Argyle Golf Polo,15600.0,C,Y,0.0,False,3.0
TaylorMade White Smoke IN-12 Putter,19298.06989294,C,Y,0.0,False,3.0
Fighting video games,33270.75,C,Y,0.0,False,3.0
Merrell Women's Grassbow Sport Waterproof Hik,7539.420319,C,Y,0.0,False,3.0
Bowflex SelectTech 1090 Dumbbells,5999.899901999999,C,Y,0.0,False,3.0
Children's heaters,232472.1039711,C,Y,0.0,False,3.0
Industrial consumer electronics,108738.402107,C,Y,0.0,False,3.0
Nike Men's Fingertrap Max Training Shoe,7999.3598656,C,Y,0.0,False,3.0
LIJA Women's Button Golf Dress,8208.0,C,Y,0.0,False,3.0
Lawn mower,257768.7282764,C,Y,0.0,False,3.0
Under Armour Girls' Toddler Spine Surge Runni,1269082.67110818,B,X,0.0,False,3.0
O'Brien Men's Neoprene Life Vest,2888993.9135055,B,X,0.0,False,3.0
TaylorMade Women's RBZ SL Rescue,8839.320373999999,C,Y,0.0,False,3.0
Nike Men's CJ Elite 2 TD Football Cleat,2891757.6623529997,B,X,0.0,False,3.0
Men's gala suit,43856.8012688,C,Y,0.0,False,3.0
insta-bed Neverflat Air Mattress,8999.40033,C,Y,0.0,False,3.0
Merrell Men's All Out Flash Trail Running Sho,9349.1498215,C,Y,0.0,False,3.0
Merrell Women's Siren Mid Waterproof Hiking B,9449.300385,C,Y,0.0,False,3.0
SOLE E25 Elliptical,9999.899902,C,Y,0.0,False,3.0
Elevation Training Mask 2.0,18477.6899717,C,Y,0.0,False,3.0
Top Flite Women's 2014 XL Hybrid,17731.12981181,C,X,0.0,False,2.0
Glove It Women's Mod Oval Golf Glove,16031.97982176,C,X,0.0,False,2.0
Hirzl Women's Soffft Flex Golf Glove,15993.10980566,C,X,0.0,False,2.0
Polar Loop Activity Tracker,5937.2998326,C,X,0.0,False,2.0
adidas Brazuca 2014 Official Match Ball,10399.3503575,C,X,0.0,False,2.0
Toys ,6104.65997884,C,X,0.0,False,2.0
Glove It Imperial Golf Towel,14870.69978864,C,X,0.0,False,2.0
Glove It Urban Brick Golf Towel,14151.14979326,C,X,0.0,False,2.0
Bushnell Pro X7 Jolt Slope Rangefinder,6599.8898922,C,X,0.0,False,2.0
Ogio Race Golf Shoes,10369.3903355,C,X,0.0,False,2.0
Cleveland Golf Women's 588 RTX CB Satin Chrom,8399.299853,C,X,0.0,False,2.0
Hirzl Women's Hybrid Golf Glove,13311.11981353,C,X,0.0,False,2.0
Hirzl Men's Hybrid Golf Glove,12951.35980753,C,X,0.0,False,2.0
Clicgear 8.0 Shoe Brush,8871.119937156,C,X,0.0,False,2.0
Baby sweater,12229.56037881,C,X,0.0,False,2.0
The North Face Women's Recon Backpack,17919.0,C,X,0.0,False,2.0
Team Golf New England Patriots Putter Grip,20566.76981798,C,X,0.0,False,2.0
Nike Kids' Grade School KD VI Basketball Shoe,18598.1399916,C,X,0.0,False,2.0
Fitbit The One Wireless Activity & Sleep Trac,18690.64982615,C,X,0.0,False,2.0
Bridgestone e6 Straight Distance NFL Carolina,29686.71978552,C,X,0.0,False,2.0
ENO Atlas Hammock Straps,29930.01974216,C,X,0.0,False,2.0
SOLE E35 Elliptical,29999.84985,C,X,0.0,False,2.0
Clicgear Rovic Cooler Bag,34671.33045858,C,X,0.0,False,2.0
TYR Boys' Team Digi Jammer,35191.2006334,C,X,0.0,False,2.0
Under Armour Men's Compression EV SL Slide,36576.87057466,C,X,0.0,False,2.0
Titleist Pro V1x High Numbers Golf Balls,38392.00052236,C,X,0.0,False,2.0
Titleist Pro V1x Golf Balls,41415.37052844,C,X,0.0,False,2.0
Adult dog supplies,41524.80075276,C,X,0.0,False,2.0
Titleist Pro V1 High Numbers Personalized Gol,44243.491382600005,C,X,0.0,False,2.0
Nike Men's Comfort 2 Slide,44585.09062432,C,X,0.0,False,2.0
Under Armour Women's Micro G Skulpt Running S,46559.59103434,C,X,0.0,False,2.0
Titleist Pro V1x High Numbers Personalized Go,47206.92146286,C,X,0.0,False,2.0
adidas Men's F10 Messi TRX FG Soccer Cleat,56330.61164488,C,X,0.0,False,2.0
LIJA Women's Eyelet Sleeveless Golf Polo,61490.0,C,X,0.0,False,2.0
adidas Youth Germany Black/Red Away Match Soc,67830.0,C,X,0.0,False,2.0
First aid kit,106080.483077,C,X,0.0,False,2.0
Rock music,113122.09735260002,C,X,0.0,False,2.0
Smart watch ,117006.75,C,X,0.0,False,2.0
Summer dresses,140283.00474499998,C,X,0.0,False,2.0
Porcelain crafts,223356.325324,C,X,0.0,False,2.0
Under Armour Hustle Storm Medium Duffle Bag,29601.54064158,C,X,0.0,False,2.0
Under Armour Women's Ignite Slide,29398.80977828,C,X,0.0,False,2.0
Bridgestone e6 Straight Distance NFL San Dieg,28982.93982142,C,X,0.0,False,2.0
Team Golf San Francisco Giants Putter Grip,21766.2898108,C,X,0.0,False,2.0
Glove It Women's Imperial Golf Glove,18810.58979375,C,X,0.0,False,2.0
Brooks Women's Ghost 6 Running Shoe,19077.88003532,C,X,0.0,False,2.0
Nike Dri-FIT Crew Sock 6 Pack,19426.0,C,X,0.0,False,2.0
Nike Women's Free 5.0 TR FIT PRT 4 Training S,19567.94001724,C,X,0.0,False,2.0
Nike Women's Legend V-Neck T-Shirt,20025.0,C,X,0.0,False,2.0
Glove It Women's Mod Oval 3-Zip Carry All Gol,20450.69974701,C,X,0.0,False,2.0
Under Armour Men's Tech II T-Shirt,20866.64980189,C,X,0.0,False,2.0
Bag Boy Beverage Holder,21116.54977639,C,X,0.0,False,2.0
adidas Men's Germany Black Crest Away Tee,21475.0,C,X,0.0,False,2.0
Team Golf Pittsburgh Steelers Putter Grip,22166.12984186,C,X,0.0,False,2.0
Columbia Men's PFG Anchor Tough T-Shirt,27840.0,C,X,0.0,False,2.0
Under Armour Kids' Mercenary Slide,22252.04978358,C,X,0.0,False,2.0
Team Golf Texas Longhorns Putter Grip,22366.04983238,C,X,0.0,False,2.0
Team Golf Tennessee Volunteers Putter Grip,22865.84974684,C,X,0.0,False,2.0
Team Golf St. Louis Cardinals Putter Grip,23940.41977515,C,X,0.0,False,2.0
Bridgestone e6 Straight Distance NFL Tennesse,25751.94975595,C,X,0.0,False,2.0
Under Armour Women's Ignite PIP VI Slide,27127.51979222,C,X,0.0,False,2.0
Nike Women's Tempo Shorts,27210.0,C,X,0.0,False,2.0
Nike Men's Deutschland Weltmeister Winners Bl,27210.0,C,X,0.0,False,2.0
adidas Kids' F5 Messi FG Soccer Cleat,27327.19054016,C,X,0.0,False,2.0
CDs of rock,3059.5899891599997,C,X,0.0,False,2.0
